semilla,resultado,exito,colision_estatica,colision_dinamica,fuera_mapa,timeout,pasos,tiempo_simulado_s,recompensa,distancia_final_m,longitud_trayectoria_m,error_medio_ruta_m,clearance_minimo_m,clearance_estatico_minimo_m,clearance_dinamico_minimo_m,velocidad_lineal_media_m_s,velocidad_angular_abs_media_rad_s,esfuerzo_control_medio,cambios_signo_omega,inferencia_media_ms,inferencia_p95_ms,inferencia_p99_ms
168000,colision_dinamica,0,0,1,0,0,64,6.4,-100.13790985578584,3.752800512045911,5.136522792558953,0.08466671388130058,-0.024012242111264848,0.42138579456030645,-0.024012242111264848,0.8026865461142734,0.419800479512196,1.5675117536278378,18,3.2272313453631796,0.792855891631916,59.93705768938485
168001,colision_dinamica,0,0,1,0,0,63,6.300000000000001,-154.28774600759752,3.726126325665803,4.880175390243511,0.39167166972574885,-0.03513089446243384,0.37706882749887294,-0.03513089446243384,0.7747088107679571,0.37191273976738254,1.3241076935024207,24,0.7324626993587506,0.7624672012752853,0.9215478098485629
168002,colision_dinamica,0,0,1,0,0,27,2.7,-161.7844223816443,7.59126264942172,2.3611066185722716,0.10409049204898217,-0.0020202670556541125,0.6719772940025913,-0.0020202670556541125,0.8745521900830446,0.39216978859018403,1.428964394123496,10,0.7395201866057943,0.7618316929438151,1.0368735963129432
168003,colision_dinamica,0,0,1,0,0,76,7.6000000000000005,-108.70562526611468,5.975716891548089,4.924772232993954,0.11585984376416937,-0.00431756573116393,0.6610071317005887,-0.00431756573116393,0.6480813394202606,0.45470005954174625,1.4798843992242865,20,0.7196195777061419,0.7664682489121333,0.773110004956834
168004,meta,1,0,0,0,0,154,15.4,264.84461978095,0.4943279900496131,6.902253134826325,0.24726592654001397,0.6697018685681296,0.6697018685681296,0.9835398359459392,0.44823813117665,0.432400749074658,1.3755865976131334,42,0.7373939353145671,0.7881535006163176,0.8573218464152887
168005,colision_dinamica,0,0,1,0,0,94,9.4,-143.00409602885694,5.578478635515192,6.085815151012933,0.30971341126969254,-0.006919617654049581,0.5323669662900855,-0.006919617654049581,0.6475018836016658,0.4684348547236717,1.293211208283684,24,0.7437598728079428,0.7791523508785758,1.1803830142889575
168006,meta,1,0,0,0,0,130,13.0,376.79941157532244,0.49910126555406703,10.659204682548953,0.08695851631470901,0.3490926514393531,0.3490926514393531,0.5857008783816414,0.8199681178894049,0.22428162025037007,1.1426344789816074,59,0.7375841381592461,0.7807611968019046,0.8034571552707348
168007,colision_dinamica,0,0,1,0,0,42,4.2,-210.78544869758414,8.534617652406594,2.292225263429208,0.14692872736432092,-0.0075207537096348975,0.447775967698981,-0.0075207537096348975,0.5458447636592956,0.4038874397852592,1.3149263888985225,13,0.7262594288996687,0.7668181511689909,0.8843796567816745
168008,colision_dinamica,0,0,1,0,0,156,15.600000000000001,-346.29374010642255,0.6138288989447316,7.567870131719237,0.18811303757993708,-0.010099706241294526,0.5437430055315743,-0.010099706241294526,0.4851619111475996,0.3411866013390514,1.3606834851569687,52,0.7250307946658443,0.7678859947191086,0.7948887017846571
168009,meta,1,0,0,0,0,163,16.3,85.99252680931343,0.49983244051600617,7.941048807845957,0.3018653972556432,0.144531387341287,1.8768257162394288,0.144531387341287,0.48725368518567536,0.5223523977252603,1.365295150523399,47,0.7325481473249698,0.7892035078839399,0.8165298806852661
168010,meta,1,0,0,0,0,199,19.900000000000002,391.3752664401444,0.4988427585384693,12.021419738971328,0.0850480828777256,0.3402350174069966,0.3402350174069966,0.5103717130359696,0.6041371096654317,0.31327512988811307,1.097763569151239,106,0.732146984933824,0.7749346972559579,0.8904775659902958
168011,meta,1,0,0,0,0,314,31.400000000000002,64.11401498122325,0.49929721283682527,14.896808783834398,0.4100250172122605,0.041702778438910626,0.5497828233687496,0.041702778438910626,0.4745054029890995,0.5821257696172615,1.3888000017241635,91,0.7308246394519985,0.780051841866225,0.8051594330754597
168012,meta,1,0,0,0,0,167,16.7,256.329197762726,0.49828679052929514,10.519524083325871,0.18580234353342684,0.15877342798333005,0.15877342798333005,0.48015007170010227,0.6300377918668805,0.4559358459668692,1.3511468658899832,57,0.7910814492135103,1.2569989950861773,1.5509073980501857
168013,meta,1,0,0,0,0,239,23.900000000000002,432.3513830129982,0.49983744670033414,13.920409942566184,0.17603689273519604,0.25721840323961853,0.25721840323961853,0.9779647736821409,0.582505432087428,0.37334605993305536,1.1584095669352144,106,0.7533953641054209,0.9300941950641572,1.119999962684233
168014,meta,1,0,0,0,0,274,27.400000000000002,188.9961621283739,0.4970257241291731,11.688710117750627,0.09426635201630298,0.08771393090955504,0.08771393090955504,0.6641174288930288,0.4266380821922692,0.38191227088988255,1.3442395876541948,106,0.7373089707192259,0.7771135096845683,0.8161480477428994
168015,colision_dinamica,0,0,1,0,0,136,13.600000000000001,-285.83044021638716,4.016257781843461,4.548996473765347,0.3111000614252193,-0.0071253950976524205,0.8605940892887379,-0.0071253950976524205,0.3345490692073808,0.47931695817147985,1.448530417788586,48,0.7295688600981306,0.77734524893458,0.8421584483585325
168016,colision_dinamica,0,0,1,0,0,68,6.800000000000001,-164.42674059720517,9.095531003191782,3.995674147113774,0.243362676619419,-0.004835584806454907,0.70439371175861,-0.004835584806454907,0.5876490870052401,0.36905558731626054,1.2755667740631143,30,0.7432986766456023,0.7756992454233114,0.9266657174157437
168017,meta,1,0,0,0,0,183,18.3,183.76828258145915,0.49457989389339774,10.052423952719103,0.1323507325400416,0.40229813535476744,0.40229813535476744,0.6562549713569679,0.5493562115335034,0.3308216629010406,1.180339272509335,90,0.7493581146204111,0.787480799772311,0.942985797883012
168018,colision_dinamica,0,0,1,0,0,41,4.1000000000000005,-204.15181097393773,6.502491204390632,2.068825131155688,0.5101522544353788,-0.023824602113632687,1.507445778326249,-0.023824602113632687,0.5046737059950828,0.5299935029774177,1.3725137034405082,9,0.7510273909003179,0.7987129938555881,1.0268967977026484
168019,meta,1,0,0,0,0,146,14.600000000000001,82.57073808858794,0.49651378794198736,7.918263543036941,0.20722999623572363,0.17730386252930896,0.17730386252930896,0.5268315149074669,0.5424305441930769,0.4238099883272223,1.2605730260315837,51,0.7455554178418362,0.7864772524044383,0.8299208479002119
168020,meta,1,0,0,0,0,207,20.700000000000003,298.73547273296714,0.4967406517727698,9.976729944413876,0.1390189646355475,0.5684171055267312,0.73202060345942,0.5684171055267312,0.4820114014379071,0.34504004411291384,1.218007012205353,100,0.7747504099526392,0.8971743998699822,1.169798070040997
168021,colision_dinamica,0,0,1,0,0,102,10.200000000000001,-142.53422294212893,6.920728953469381,6.965623558401973,0.4473772820627076,-0.02504397210534509,0.2992923336787354,-0.02504397210534509,0.6829649177398168,0.3946162125643561,1.4046388973914166,32,0.8203226274881494,1.225918193085817,1.2715076815220525
168022,meta,1,0,0,0,0,251,25.1,417.5745721291414,0.49255402976978135,13.445216796229825,0.14693642245111305,0.5414270437295496,0.5414270437295496,0.7668802383390568,0.5357236617361572,0.37517261417263537,1.2414074273660616,91,0.8025438369059772,1.0522640077397227,1.3234369980636984
168023,meta,1,0,0,0,0,210,21.0,327.0046159870173,0.49766770635220764,13.577302706044094,0.2741390786925078,0.5448830822838285,0.5583468762710063,0.5448830822838285,0.6466065887807795,0.3471471908067663,1.1779519988639995,104,0.7648550432696495,0.9909559485095087,1.1906285767327056
168024,meta,1,0,0,0,0,162,16.2,233.48531716604293,0.4932194080857699,10.234251206730349,0.1665984432521181,0.4218157711991255,0.4218157711991255,0.42408449207051885,0.6317954746810506,0.35624157430857056,1.0837885377637866,58,0.7375324566964991,0.7715344509051647,0.8622665033908553
168025,meta,1,0,0,0,0,164,16.400000000000002,93.1453854653853,0.49855350453192027,9.533750343002538,0.32671791663829475,0.18680849250735915,0.5492102558985643,0.18680849250735915,0.5813920449971417,0.3914262580825868,1.3505652007131612,55,0.7583065488710772,0.8758771989960222,1.098987077421043
168026,meta,1,0,0,0,0,265,26.5,195.0986080341446,0.4976188639880045,11.943441041087574,0.15514676353751966,0.24071911062604562,0.2706144457072326,0.24071911062604562,0.45075315320956344,0.47677438627612195,1.4147304921719464,81,0.764827830288647,0.8752590016229077,0.9361401217756794
168027,colision_dinamica,0,0,1,0,0,85,8.5,-37.76886203201627,5.562177967437627,6.9500364712625915,0.16735640984108485,-0.0034564737145834634,1.1473516923929696,-0.0034564737145834634,0.817686355151236,0.24828083085553612,1.153372255951431,46,0.7417745289036676,0.7961904047988355,0.8783352712634938
168028,meta,1,0,0,0,0,144,14.4,0.6212596234538807,0.49322465273584376,7.908935967251752,0.31779654534709756,0.15989039277824835,0.3066166916169598,0.15989039277824835,0.5493328606845631,0.47871029277642574,1.242114772039396,31,0.7801162356473571,1.0056138082290997,1.182735876354854
168029,meta,1,0,0,0,0,193,19.3,213.37543028728822,0.49691988830237693,10.63963299876449,0.14201726176534915,0.12829730448882026,0.12829730448882026,0.5676108357531489,0.551341758251324,0.5048133499891415,1.4202783304502677,56,0.7677395447908896,0.910933405975811,1.0515153984306378
168030,meta,1,0,0,0,0,166,16.6,74.62124367074867,0.49230461798499303,7.9374138679598305,0.26649000479232865,0.11177314622290124,0.7145883948294803,0.11177314622290124,0.47822477375720224,0.45909889261406583,1.3764185628115464,48,0.7628787958332482,0.9052057430380955,1.0309731012966943
168031,meta,1,0,0,0,0,262,26.200000000000003,244.31607992731796,0.4971549104954317,12.801736485810544,0.14863041713221717,0.23842712255855525,0.23842712255855525,0.34030596331640395,0.48866675815000943,0.5118727857790859,1.2118250254717173,77,0.7274236604158113,0.7564809428004082,0.7921754574635993
168032,meta,1,0,0,0,0,163,16.3,348.21357223111755,0.4963855272878877,9.517757138790547,0.2157940427180412,0.5425198567217955,0.5425198567217955,1.257913691717194,0.5839750686705206,0.3856687780121124,1.1658496924555741,66,0.7361260747524161,0.7807251997292042,0.8230012370040638
168033,meta,1,0,0,0,0,188,18.8,126.14326621610044,0.49377376322009653,11.559252916888566,0.21281035788721137,0.038450350828994895,0.038450350828994895,0.46053762344560384,0.6149262425714145,0.44381205998361106,1.3215362483167261,64,0.7330981011847976,0.7739440465229563,0.8545525096997151
168034,meta,1,0,0,0,0,267,26.700000000000003,383.6876517697558,0.49418579967402143,16.183256041370097,0.24351172855343992,0.1821072046125718,0.1821072046125718,0.4434700854425618,0.606186436532484,0.4107866216660216,1.4709514571626336,101,0.7364371156429852,0.7854277981095947,0.8081920555559914
168035,meta,1,0,0,0,0,152,15.200000000000001,161.08901467713196,0.49668749900666165,8.979397273140194,0.2311201371301161,0.3661965019220834,0.4376631177767457,0.3661965019220834,0.5908120986255668,0.3724668898374626,1.3013283071110262,54,0.7344832369869293,0.776428996323375,0.8283090978511609
168036,meta,1,0,0,0,0,222,22.200000000000003,298.3719825051766,0.49781142310617754,15.220675033537368,0.24202748618295927,0.1851248739240937,0.3775174337764655,0.1851248739240937,0.6856824596890645,0.38855975598499587,1.3393214196473446,89,0.7374745682600323,0.7898151430708821,0.8676694304449479
168037,meta,1,0,0,0,0,245,24.5,373.6198569137021,0.49648057390354056,16.041834355383134,0.16592834495623857,0.15942203245594477,0.15942203245594477,0.30374772907846803,0.6548253359573252,0.38526164363765597,1.3992989523695896,96,0.7309859304935956,0.7625726022524758,0.794632721808739
168038,meta,1,0,0,0,0,176,17.6,266.7547382789725,0.4974652955591345,9.903755578356694,0.21369140258272368,0.4243049193573237,0.6069710323986314,0.4243049193573237,0.5627767828864734,0.4331600578554737,1.271234138513772,65,0.7314781813957696,0.7686697463213932,0.8168595013557933
168039,colision_dinamica,0,0,1,0,0,104,10.4,-194.58979262025045,7.158400220326935,3.795268938185797,0.36518233676508544,-0.013002800670734116,0.37829484211492626,-0.013002800670734116,0.36499360847788365,0.41067052560930073,1.2630051458634894,39,0.7503908373809491,0.8361949563550296,0.8666383617674001
168040,colision_dinamica,0,0,1,0,0,43,4.3,-193.22365117909717,8.047811513925577,2.521814536829639,0.4218965004836328,-0.014745045184278327,0.3154508477318977,-0.014745045184278327,0.5865388782564984,0.4440129001473272,1.2844165530946423,16,0.7425839295285906,0.803989396081306,1.0261706769233565
168041,meta,1,0,0,0,0,164,16.400000000000002,271.6852200072062,0.49696627064871096,9.039863217281448,0.21087103067296534,0.2597176445330852,0.2597176445330852,1.029196922579573,0.5512895508346201,0.42842562012374397,1.4602796965240654,62,0.7270135000708695,0.7739264910924248,0.7867057734983973
168042,colision_dinamica,0,0,1,0,0,56,5.6000000000000005,-209.97836489153423,8.690587914677414,2.954906033285003,0.1250537241296857,-0.001901183025465436,1.5380182681621757,-0.001901183025465436,0.527740905167801,0.4694489124630179,1.378662731080728,18,0.7472496961002305,0.774695748987142,0.9607490443158906
168043,meta,1,0,0,0,0,255,25.5,430.8332786614802,0.4932408813502771,16.112434246993956,0.11616864079596861,0.4117963444514172,0.4117963444514172,0.4774234023495355,0.6319438694583406,0.4046833365746574,1.3652695893451643,97,0.736728929697682,0.7926663951366208,0.9019599575549366
168044,meta,1,0,0,0,0,201,20.1,233.31210965918316,0.49639689412910354,10.39616402494796,0.1569528732395646,0.17191616146196576,0.17191616146196576,0.3062063389475938,0.5172792851897995,0.4065291045076071,1.294395088353817,66,0.7292087657107226,0.7781849999446422,0.787682001828216
168045,meta,1,0,0,0,0,185,18.5,160.24285655521754,0.4973345315830262,10.25405039355352,0.1504975131240734,0.1968265428622099,0.1968265428622099,0.3697603254037873,0.5543356349513014,0.40505071248959845,1.3292218421425277,83,0.7385556103907073,0.7862867991207168,0.8119385567260905
168046,colision_dinamica,0,0,1,0,0,40,4.0,-235.14926460494866,7.090018243505446,1.4070795030286916,0.5604681431128021,-0.015213910895980343,1.3579859878227922,-0.015213910895980343,0.3518424315750599,0.5821776989847421,1.4753858286896442,11,0.7438114505930571,0.7807877540471964,0.9944018720125312
168047,meta,1,0,0,0,0,136,13.600000000000001,94.80326714122441,0.4999152490873083,7.643872871692478,0.2732956217706032,0.08350973116621185,0.12564659771121722,0.08350973116621185,0.5621275564096382,0.44574304103632184,1.3766930527134287,33,0.7301204260490041,0.7705059979343787,0.782423849159386
168048,colision_dinamica,0,0,1,0,0,94,9.4,-56.09026691668171,4.138688844136044,8.35566586697616,0.1476778391512412,-0.03926321808523453,0.08323711503970244,-0.03926321808523453,0.889002123367081,0.4146092813858328,1.4791722080872487,22,0.7342769045437231,0.7729002056294121,0.8385575174179368
168049,meta,1,0,0,0,0,180,18.0,163.06812341469913,0.49437459183460414,9.97703769503796,0.25269197047247466,0.043628153715230766,0.596058806751806,0.043628153715230766,0.5543080086281749,0.29958834312157706,1.2279272590433745,83,0.7323978991836257,0.7874316070228815,0.8449665619991721
168050,meta,1,0,0,0,0,271,27.1,141.78612697659776,0.49798177131093746,13.694906438797979,0.2858277555915352,0.015929083826494828,0.22029834712381835,0.015929083826494828,0.5054137572658916,0.5073532009823764,1.22835506106015,81,0.7375014831060268,0.7978965004440397,0.8461192948743701
168051,meta,1,0,0,0,0,215,21.5,425.3130719186703,0.49736615941881723,13.375694590908454,0.18396770410140587,0.1509523592144275,0.1509523592144275,0.949404482152634,0.622189615579084,0.37888403485507466,1.2035562407317013,102,0.7324476463065028,0.7788768067257478,0.8676121514872647
168052,meta,1,0,0,0,0,210,21.0,397.79253776610307,0.4977563997448195,14.435142826902553,0.21149074125546025,0.3706334746000667,0.3706334746000667,0.5588161267160593,0.6874374646063622,0.2993901599163101,1.2632032295760582,108,0.7293428945732081,0.785336145054316,0.8295612316578627
168053,meta,1,0,0,0,0,210,21.0,118.76293006028249,0.49361911402955655,12.815763595849123,0.14323419958891637,0.060333847415384445,0.26640832077274346,0.060333847415384445,0.6103555301607747,0.4808703904244162,1.3749391193049283,54,0.7647634000888848,0.9359283481899177,1.139079402491916
168054,colision_dinamica,0,0,1,0,0,90,9.0,-15.4659658679698,3.768954062032795,7.907301436518776,0.14157772899313714,-0.0063209264254869835,0.428691111553019,-0.0063209264254869835,0.8786669817877312,0.3474932515621186,1.3065748003016728,37,0.7461096546548004,0.80366750335088,0.9583290445152669
168055,meta,1,0,0,0,0,186,18.6,287.6910094471153,0.49769260288826694,10.920849502097386,0.17111120086127649,0.3435610229337688,0.3435610229337688,0.5093721729498614,0.5871977518912692,0.4115653037564248,1.2165527646653695,71,0.7383198124795942,0.7856437550799455,0.8428521061432552
168056,meta,1,0,0,0,0,174,17.400000000000002,323.3574107205396,0.49298898148237474,9.15945536756394,0.16758010443297708,0.3138999001322714,0.3138999001322714,0.9439291713478088,0.5264738819850535,0.4408116429942479,1.3803545321641169,49,0.7345637588577087,0.7783347566146402,0.8719053870299835
168057,meta,1,0,0,0,0,178,17.8,326.3148015935196,0.49786276338665925,9.039974791312654,0.10742703356286347,0.5709665883434575,0.5709665883434575,0.8363310263857917,0.5078823313996409,0.2742335848133551,1.2035399348665012,87,0.7820019385322217,1.0098513470438775,1.2534174001484633
168058,meta,1,0,0,0,0,206,20.6,219.36623426207578,0.4988273429591526,10.44289428252398,0.22512739350341163,0.5897260421513129,1.0488516409394992,0.5897260421513129,0.5069837931496873,0.3902136193787299,1.2644447925345412,74,0.7335746603468614,0.7825554930604994,0.8257603003585244
168059,colision_dinamica,0,0,1,0,0,280,28.0,-894.8914506011872,4.21714015205222,4.9761674371941975,0.08549683428639754,-0.002058828212771757,0.11938739980446511,-0.002058828212771757,0.1777512212882617,0.5656960540534263,1.3916446108520748,70,0.7304489074678194,0.7721035930444486,0.8334478738834131
168060,meta,1,0,0,0,0,140,14.0,72.95481703727911,0.4976635636184697,6.678077565140439,0.09101800908562512,0.1935711558401475,0.8508198084593922,0.1935711558401475,0.47704983241360993,0.3704542045508113,1.2816501081975586,49,0.7502403640371215,0.792701996397227,1.110991564783032
168061,meta,1,0,0,0,0,110,11.0,160.56114296071848,0.49834960629221775,8.127053150454273,0.23520962917052612,0.2629186763753115,0.3701761527597013,0.2629186763753115,0.7388686617617837,0.27943455592390487,1.357366738810247,46,0.7328315003013068,0.7635011483216658,0.7861194577708375
168062,colision_dinamica,0,0,1,0,0,32,3.2,-243.5113718140646,7.291911969745204,0.7995297311759224,0.06615289986043907,-0.004849352182933031,1.5700753677970707,-0.004849352182933031,0.24990515317767859,0.5870001016417519,1.362672900834477,1,0.748097842460993,0.7726997457211836,1.0447562312765517
168063,colision_dinamica,0,0,1,0,0,76,7.6000000000000005,-229.73712205967973,7.305261613296359,4.501781905331686,0.510983762352442,-0.010284531786062312,1.1374109211628487,-0.010284531786062312,0.5924249109370927,0.4397226188920047,1.385671052099113,20,0.7331709070728577,0.7707137483521365,0.830780260002939
168064,colision_dinamica,0,0,1,0,0,83,8.3,-95.77325626837113,3.0078295629778853,6.781792754173979,0.2322215131143376,-0.023128077854992934,0.09751453003431881,-0.023128077854992934,0.8171689812856985,0.3749446678637381,1.4198936150839934,35,0.7329097940552846,0.7799718034220857,0.884610172070094
168065,meta,1,0,0,0,0,164,16.400000000000002,242.43460708803633,0.49782991022093104,9.171493033809973,0.20109470705900603,0.2605560486067491,0.2605560486067491,0.6031106990966809,0.5592951582114978,0.3981732279380284,1.1240785519683405,63,0.7384652554031984,0.7947727477585431,0.9657922669430272
168066,meta,1,0,0,0,0,194,19.400000000000002,292.69312994998006,0.49957319583656845,10.403235781100816,0.3559140984007335,0.4908644427862958,0.4908644427862958,0.9605707886981468,0.5362991984886022,0.46884994675146086,1.1265673461083225,55,0.7676468966630787,0.8517827991454396,0.8904708092450162
168067,colision_dinamica,0,0,1,0,0,45,4.5,-214.2652516057864,7.595487200183637,2.1356905128664656,0.3051198097879396,-0.018343712184921646,0.8461892607400546,-0.018343712184921646,0.4746711130274666,0.4313855599694782,1.562875449726796,11,0.7472437787024926,0.8059112034970894,1.100309526664206
168068,colision_dinamica,0,0,1,0,0,116,11.600000000000001,-274.96340048934326,6.187177358264898,2.6697636126460504,0.4317405861820802,-0.024262624840725888,0.6343269948666229,-0.024262624840725888,0.23021542920634666,0.4887792261895434,1.2991304319265458,39,0.783140809227038,0.9462627531320322,1.2545190518721938
168069,meta,1,0,0,0,0,173,17.3,276.20210634826856,0.4964395364076387,8.649652896933413,0.14217337685729772,0.04132546258865799,0.04132546258865799,1.2804797194261035,0.5000229424179727,0.3564008486796321,1.1491580589092865,79,0.7336284970155394,0.784895001561381,0.8173743507359177
168070,colision_dinamica,0,0,1,0,0,64,6.4,-125.19060417371614,4.415175987482838,4.621181753547973,0.2934066351784979,-0.006748170288300437,0.3639384257939251,-0.006748170288300437,0.7221506974659859,0.5171975794248282,1.456322426232279,14,0.7459657492745464,0.8680976934556383,1.1174046988890038
168071,meta,1,0,0,0,0,160,16.0,46.31662924380976,0.4975686452773861,7.578221476828599,0.1869464114493753,0.026763969643164298,0.5882118254210479,0.026763969643164298,0.47369393426334944,0.5060678250808268,1.2980283254180656,35,0.7258399686179473,0.7658095484657678,0.7995628091157414
168072,meta,1,0,0,0,0,190,19.0,273.91947419812067,0.4942721975532967,10.897294662400215,0.23198091568328225,0.41474228824915504,0.41474228824915504,0.6011214393037202,0.5736256143316296,0.47307234591118213,1.30888689461931,66,0.7316748688218037,0.7702797527599614,0.8013299039157568
168073,meta,1,0,0,0,0,146,14.600000000000001,91.72235077479257,0.4993237787798577,8.309482281600996,0.12450415052297052,0.30198052636704953,0.30198052636704953,0.39314112870953916,0.5692414605178919,0.5272734476891282,1.4402856217555733,34,0.729431020959491,0.7657967435079627,0.7786875568854157
168074,meta,1,0,0,0,0,242,24.200000000000003,504.0124016977741,0.4970201632067219,15.112031463103936,0.11133644432240256,0.2602824032206237,0.2602824032206237,1.0157300128850437,0.6245140895567063,0.3242868495096784,1.343510152400287,102,0.7291169713125256,0.7694821433688048,0.8324469592480455
168075,meta,1,0,0,0,0,274,27.400000000000002,111.31278869597264,0.49465548335646337,11.70647202774664,0.25292106004771403,0.11297993628275016,0.11297993628275016,0.2215259652444901,0.4273127449631265,0.5559084472049326,1.2859732405287025,77,0.7299123317883588,0.7759477899526244,0.8413224323885511
168076,colision_dinamica,0,0,1,0,0,35,3.5,-202.0678671728975,6.222311222252775,1.8422151693245012,0.34782137580461386,-0.009023951531827001,2.7327320050933337,-0.009023951531827001,0.5263783925558839,0.33549736176218314,0.9279361765289317,17,0.7257873990706035,0.7531812938395888,0.8483434127992945
168077,meta,1,0,0,0,0,198,19.8,311.2126078400551,0.49323724479430536,10.997661141962686,0.2383082716119707,0.1935365054294501,0.1935365054294501,0.9737304628064342,0.5554762531752705,0.3225708084030435,1.0847889515873006,96,0.7313382473034605,0.7819224447302986,0.8380965860851575
168078,meta,1,0,0,0,0,231,23.1,263.637629243339,0.49961348918480447,14.118415937146903,0.20747911191527052,0.11240883879997643,0.11240883879997643,0.32629192542730984,0.6113075825720554,0.5569399538066931,1.3920438126378296,54,0.7292035322291656,0.7665285083930939,0.8346163886017164
168079,meta,1,0,0,0,0,240,24.0,337.39111473689206,0.4931858284414008,15.540823805044731,0.1487549419201132,0.20229744076874778,0.20229744076874778,0.7802163510800488,0.6476266318262518,0.4200959588206994,1.2423147335759865,83,0.7323089210331091,0.7801568579452578,0.8021928071684669
168080,colision_dinamica,0,0,1,0,0,89,8.9,-195.4951621057588,3.5267395243651443,6.765287981258245,0.28844343563317837,-0.011970420914495572,0.06002494488121818,-0.011970420914495572,0.7602223855390976,0.38758204834682214,1.2382535138510775,30,0.7278029442296542,0.7502004009438679,0.8113585988758151
168081,colision_dinamica,0,0,1,0,0,38,3.8000000000000003,-197.21708276915152,9.2974132151374,2.2902994558169185,0.4966627817635769,-0.01727291926940333,1.2292337830591644,-0.01727291926940333,0.6027532216553626,0.31333026748738796,1.1992048174748826,13,0.7231417881772167,0.7441666006343439,0.7904480128490833
168082,meta,1,0,0,0,0,185,18.5,250.58111310020072,0.4994079878921398,11.3240289124126,0.15332057108108943,0.1924229750005922,0.32441302603986555,0.1924229750005922,0.6121614823849255,0.360901849031247,1.1735913995798388,73,0.7345089027374933,0.7864201965276151,0.8133970806375146
168083,colision_dinamica,0,0,1,0,0,46,4.6000000000000005,-166.19386014088013,6.602928614880945,1.9807497963200444,0.05498775921184998,-0.005479831849093786,0.6982921259420415,-0.005479831849093786,0.4306401463630407,0.377544973531495,1.2120524936511448,17,0.7345768697078987,0.7598687552672345,1.0474453949427682
168084,meta,1,0,0,0,0,257,25.700000000000003,476.0624729151449,0.4932037354787972,16.35549208684921,0.17856488030477624,0.32444027588747293,0.32444027588747293,0.9687736246473045,0.6364557357293735,0.36127061624268386,1.355448660416606,106,0.7286555325029896,0.776947001577355,0.7991047209361568
168085,meta,1,0,0,0,0,154,15.4,202.72489980191884,0.496569578016914,7.07555302674988,0.15500674774054773,0.6580669882313123,0.6580669882313123,0.6745347964096927,0.45948945805619495,0.36818725092263965,1.216256709132135,52,0.728732006331035,0.7713303421041928,0.8168305391154718
168086,meta,1,0,0,0,0,155,15.5,59.70422959162251,0.4994578579964887,7.207501704957324,0.2677454151050078,0.0010820462343235637,0.5611723224995652,0.0010820462343235637,0.4650753842434458,0.40978893320406645,1.4422713721875942,65,0.7253394968199334,0.7623785961186513,0.774857921351213
168087,colision_dinamica,0,0,1,0,0,160,16.0,-185.6576353681552,3.602459338305675,7.950210050386633,0.5307995812209937,-0.022695511296569437,0.9453503930387469,-0.022695511296569437,0.49694429121911526,0.43830803581018696,1.3223409522209404,48,0.7292836935448577,0.7713665967457928,0.814743648516014
168088,meta,1,0,0,0,0,163,16.3,322.1770972298492,0.4969484992201934,8.365759235066795,0.17876496622869606,0.619426124157921,0.619426124157921,1.1092827069247293,0.513278957918305,0.38254728651851233,1.2958424415871082,41,0.7305930060065963,0.7786077039781958,0.8409960806602611
168089,meta,1,0,0,0,0,200,20.0,239.07722665324127,0.49950633615594736,11.593179430361914,0.16015973529255687,0.23024773646911867,0.23024773646911867,0.3005715074210335,0.579724222464912,0.41113492542179303,1.2824933376313123,80,0.7290959649981232,0.7784640052705072,0.8038176216359713
168090,meta,1,0,0,0,0,175,17.5,217.93658539003067,0.4958171652741644,7.427178217989919,0.19733551007271358,0.41211187611972644,0.693326597547918,0.41211187611972644,0.42447565689582606,0.42892472964099476,1.2546626448077336,71,0.7331875991907769,0.7771669013891369,0.8178297008271321
168091,meta,1,0,0,0,0,298,29.8,91.49576511506302,0.4944965150562095,14.644572870889785,0.43187558161769457,0.20982339588098253,0.20982339588098253,0.4491520111538671,0.491492442793455,0.5053984078134867,1.1922512187590653,96,0.7309320272120722,0.7808115115039982,0.8397916967805937
168092,colision_dinamica,0,0,1,0,0,71,7.1000000000000005,-61.86692572845912,6.1100508843122965,6.096877473224753,0.17724399443953132,-0.013471271913222116,0.44744483255454337,-0.013471271913222116,0.858756851604287,0.2772139920131631,1.2275425803449331,38,0.7360755348279678,0.7797830039635301,0.9459155990043645
168093,meta,1,0,0,0,0,189,18.900000000000002,245.77890343401555,0.49501820116657147,10.844842873239328,0.1947930645030178,0.32115263371005887,0.32115263371005887,0.7344560863577013,0.5738937147913012,0.5291353729863962,1.3510234089298065,45,0.7265273648069028,0.7695343985687941,0.7821639155736194
168094,meta,1,0,0,0,0,137,13.700000000000001,386.9196093656965,0.4983795391995206,11.411353861056469,0.17564814045665217,0.17693244899270966,0.17693244899270966,0.9024108712392378,0.8330231164345823,0.32746577373821373,1.3949242529035082,77,0.7308545339908655,0.775506003992632,0.8228436415083705
168095,meta,1,0,0,0,0,195,19.5,332.5119658235751,0.4930537405518268,11.26536190486073,0.29438745993237964,0.5553164888869709,0.5553164888869709,0.7612126874228337,0.5777920913119345,0.43836958248215996,1.229237629505471,73,0.7310069336269338,0.7777119055390357,0.827523110783659
168096,colision_dinamica,0,0,1,0,0,95,9.5,-115.2459782256677,3.726788895463849,7.316634330117786,0.29101151311247747,-0.0061273657927299885,0.8764118045167771,-0.0061273657927299885,0.7702230757161189,0.32814795359184873,1.3153804890656018,31,0.7327914430980423,0.7669563914532773,0.8231552634970293
168097,meta,1,0,0,0,0,161,16.1,248.59276792018773,0.49631515666389436,10.335016765209776,0.17030097820316806,0.3320124762419456,0.5174931913225352,0.3320124762419456,0.6420120147118561,0.44067552539271226,1.3997052983975264,51,0.7283549619511764,0.7695889944443479,0.7902436045696959
168098,colision_dinamica,0,0,1,0,0,51,5.1000000000000005,-110.06390288884545,5.4216027439756305,4.569079481148958,0.20441988094879643,-0.01973877815920183,0.49763694393642577,-0.01973877815920183,0.8959403148176622,0.2838996060923034,1.2706515849651077,27,0.7335830188251339,0.7760915032122284,0.9271065064240247
168099,meta,1,0,0,0,0,162,16.2,5.366942507200065,0.4963667995652528,7.11274893591813,0.23126410868831013,0.2526885410876556,0.29737461348157446,0.2526885410876556,0.43909274364001927,0.35689490845191213,1.2511097914828488,65,0.7315170984423466,0.7697839959291741,0.801313868141733
