metrica,metodo_a,metodo_b,numero_pares,media_a,media_b,mediana_a,mediana_b,diferencia_media_b_menos_a,diferencia_mediana_b_menos_a,estadistico_wilcoxon,p_wilcoxon,rank_biserial_signos_aprox,p_wilcoxon_holm,significativo_0_05_holm
spl,A* + DWA,A* + TD3,200,0.885,0.6752452554048451,1.0,1.0,-0.20975474459515497,0.0,495.0,1.802690802148157e-09,-0.7857142857142857,1.802690802148157e-08,1
spl,A* + DWA,A* + SAC-R,200,0.885,0.7835366245697665,1.0,1.0,-0.10146337543023354,0.0,514.0,0.0009130951697251424,-0.47540983606557374,0.0063916661880759965,1
spl,A* + DWA,A* + SAC-PO-TTC,200,0.885,0.8022965468041187,1.0,1.0,-0.08270345319588124,0.0,520.0,0.013726972326751852,-0.42857142857142855,0.06863486163375926,0
spl,A* + DWA,A* + SAC-UPO-TTC,200,0.885,0.7381161260650387,1.0,1.0,-0.1468838739349613,0.0,347.5,3.394734620303462e-07,-0.7014925373134329,3.0552611582731157e-06,1
spl,A* + TD3,A* + SAC-R,200,0.6752452554048451,0.7835366245697665,1.0,1.0,0.10829136916492142,0.0,1345.0,0.001414664217611948,0.34782608695652173,0.008487985305671688,1
spl,A* + TD3,A* + SAC-PO-TTC,200,0.6752452554048451,0.8022965468041187,1.0,1.0,0.12705129139927368,0.0,1212.0,0.0005048818553196433,0.4888888888888889,0.004039054842557147,1
spl,A* + TD3,A* + SAC-UPO-TTC,200,0.6752452554048451,0.7381161260650387,1.0,1.0,0.06287087066019366,0.0,2092.0,0.170893585084536,0.1717171717171717,0.341787170169072,0
spl,A* + SAC-R,A* + SAC-PO-TTC,200,0.7835366245697665,0.8022965468041187,1.0,1.0,0.01875992223435228,0.0,932.0,0.5856795325900537,0.14285714285714285,0.5856795325900537,0
spl,A* + SAC-R,A* + SAC-UPO-TTC,200,0.7835366245697665,0.7381161260650387,1.0,1.0,-0.04542049850472777,0.0,1238.0,0.08436733018111855,-0.26582278481012656,0.2531019905433557,0
spl,A* + SAC-PO-TTC,A* + SAC-UPO-TTC,200,0.8022965468041187,0.7381161260650387,1.0,1.0,-0.06418042073908005,0.0,1111.5,0.02776944623503557,-0.28205128205128205,0.11107778494014228,0
tiempo_simulado_s,A* + DWA,A* + TD3,200,16.299,15.818500000000004,16.35,16.85,-0.4804999999999999,1.6000000000000014,8661.5,0.17369766836871503,0.3197969543147208,0.34739533673743006,0
tiempo_simulado_s,A* + DWA,A* + SAC-R,200,16.299,19.511000000000003,16.35,19.650000000000002,3.2120000000000006,3.1000000000000014,4033.0,3.4843331035935397e-13,0.678391959798995,2.4390331725154776e-12,1
tiempo_simulado_s,A* + DWA,A* + SAC-PO-TTC,200,16.299,20.392500000000002,16.35,20.3,4.093500000000001,3.3000000000000007,2132.0,7.162308213695833e-22,0.7889447236180904,6.446077392326249e-21,1
tiempo_simulado_s,A* + DWA,A* + SAC-UPO-TTC,200,16.299,21.4275,16.35,21.700000000000003,5.1285,4.5,2051.0,1.6661632853186384e-22,0.8,1.6661632853186385e-21,1
tiempo_simulado_s,A* + TD3,A* + SAC-R,200,15.818500000000004,19.511000000000003,16.85,19.650000000000002,3.6925,1.5,4936.0,7.090050618291537e-10,0.3969849246231156,3.5450253091457686e-09,1
tiempo_simulado_s,A* + TD3,A* + SAC-PO-TTC,200,15.818500000000004,20.392500000000002,16.85,20.3,4.574,2.0,4155.5,1.7356055713446941e-12,0.43434343434343436,1.0413633428068164e-11,1
tiempo_simulado_s,A* + TD3,A* + SAC-UPO-TTC,200,15.818500000000004,21.4275,16.85,21.700000000000003,5.609000000000001,3.4499999999999993,2942.0,1.1547525629572311e-17,0.6363636363636364,9.238020503657849e-17,1
tiempo_simulado_s,A* + SAC-R,A* + SAC-PO-TTC,200,19.511000000000003,20.392500000000002,19.650000000000002,20.3,0.8815000000000001,0.0,8810.0,0.40827228393326553,-0.020618556701030927,0.40827228393326553,0
tiempo_simulado_s,A* + SAC-R,A* + SAC-UPO-TTC,200,19.511000000000003,21.4275,19.650000000000002,21.700000000000003,1.9165000000000003,1.1000000000000014,6071.0,4.354548739451142e-06,0.38071065989847713,1.7418194957804568e-05,1
tiempo_simulado_s,A* + SAC-PO-TTC,A* + SAC-UPO-TTC,200,20.392500000000002,21.4275,20.3,21.700000000000003,1.0350000000000004,0.9000000000000012,6147.5,3.54641351877659e-05,0.37823834196891193,0.0001063924055632977,1
longitud_trayectoria_m,A* + DWA,A* + TD3,200,9.503001733541735,8.602840388680052,9.21757480617433,8.802775434661633,-0.9001613448616809,0.3281774542165222,8465.0,0.05311684846686941,0.45,0.31870109080121645,0
longitud_trayectoria_m,A* + DWA,A* + SAC-R,200,9.503001733541735,9.449147996625806,9.21757480617433,9.418684257458525,-0.05385373691592701,0.35238771816375536,6263.0,3.822917423613417e-06,0.56,3.440625681252075e-05,1
longitud_trayectoria_m,A* + DWA,A* + SAC-PO-TTC,200,9.503001733541735,9.346075258046929,9.21757480617433,9.329118406739095,-0.1569264754948051,0.21912192956417975,5721.0,1.2769979311477837e-07,0.56,1.2769979311477836e-06,1
longitud_trayectoria_m,A* + DWA,A* + SAC-UPO-TTC,200,9.503001733541735,9.347614296544263,9.21757480617433,9.704397747544565,-0.15538743699747148,0.2858439734072018,6334.0,5.783526067889655e-06,0.55,4.626820854311724e-05,1
longitud_trayectoria_m,A* + TD3,A* + SAC-R,200,8.602840388680052,9.449147996625806,8.802775434661633,9.418684257458525,0.8463076079457542,0.03546544839008092,8926.0,0.17022808875893825,0.07,0.8511404437946912,0
longitud_trayectoria_m,A* + TD3,A* + SAC-PO-TTC,200,8.602840388680052,9.346075258046929,8.802775434661633,9.329118406739095,0.743234869366876,-0.10338431900812406,9579.0,0.5654941018445501,-0.12,0.941670662396366,0
longitud_trayectoria_m,A* + TD3,A* + SAC-UPO-TTC,200,8.602840388680052,9.347614296544263,8.802775434661633,9.704397747544565,0.7447739078642095,0.029738579383403074,9167.0,0.28129701734202717,0.03,0.8511404437946912,0
longitud_trayectoria_m,A* + SAC-R,A* + SAC-PO-TTC,200,9.449147996625806,9.346075258046929,9.418684257458525,9.329118406739095,-0.10307273857887818,-0.15857568192417038,7522.0,0.00203832776427243,-0.31,0.01426829434990701,1
longitud_trayectoria_m,A* + SAC-R,A* + SAC-UPO-TTC,200,9.449147996625806,9.347614296544263,9.418684257458525,9.704397747544565,-0.10153370008154457,-0.05379577792703394,9459.0,0.470835331198183,-0.08,0.941670662396366,0
longitud_trayectoria_m,A* + SAC-PO-TTC,A* + SAC-UPO-TTC,200,9.346075258046929,9.347614296544263,9.329118406739095,9.704397747544565,0.0015390384973335714,0.07619750286641125,8991.0,0.1963016633999839,0.16,0.8511404437946912,0
distancia_final_meta_m,A* + DWA,A* + TD3,200,1.1445959956127565,2.378222628304412,0.4913599899304623,0.49856224733380883,1.2336266326916558,0.009436821591324085,3362.0,3.336455818928982e-16,0.58,3.0028102370360835e-15,1
distancia_final_meta_m,A* + DWA,A* + SAC-R,200,1.1445959956127565,1.5828365764189503,0.4913599899304623,0.4976875023941087,0.4382405808061938,0.007311321376905211,4211.0,1.0440331579903245e-12,0.52,7.308232105932272e-12,1
distancia_final_meta_m,A* + DWA,A* + SAC-PO-TTC,200,1.1445959956127565,1.5681508188548003,0.4913599899304623,0.49727416651868805,0.42355482324204385,0.007041502459768589,3885.0,5.3800664774700766e-14,0.54,4.3040531819760613e-13,1
distancia_final_meta_m,A* + DWA,A* + SAC-UPO-TTC,200,1.1445959956127565,1.8244121829415507,0.4913599899304623,0.4976090970093785,0.6798161873287942,0.007586779618733913,3122.0,2.830881362389244e-17,0.63,2.8308813623892436e-16,1
distancia_final_meta_m,A* + TD3,A* + SAC-R,200,2.378222628304412,1.5828365764189503,0.49856224733380883,0.4976875023941087,-0.795386051885462,-0.0007281593298721911,8150.0,0.020431754455392474,-0.09,0.11486038512144353,0
distancia_final_meta_m,A* + TD3,A* + SAC-PO-TTC,200,2.378222628304412,1.5681508188548003,0.49856224733380883,0.49727416651868805,-0.8100718094496118,-0.0009323166457486654,8130.0,0.01914339752024059,-0.08,0.11486038512144353,0
distancia_final_meta_m,A* + TD3,A* + SAC-UPO-TTC,200,2.378222628304412,1.8244121829415507,0.49856224733380883,0.4976090970093785,-0.5538104453628613,-0.0008114218630116965,8718.0,0.1041057471186085,-0.12,0.416422988474434,0
distancia_final_meta_m,A* + SAC-R,A* + SAC-PO-TTC,200,1.5828365764189503,1.5681508188548003,0.4976875023941087,0.49727416651868805,-0.01468575756414987,0.00016403600467426727,9999.0,0.9503807239410859,0.03,0.9503807239410859,0
distancia_final_meta_m,A* + SAC-R,A* + SAC-UPO-TTC,200,1.5828365764189503,1.8244121829415507,0.4976875023941087,0.4976090970093785,0.24157560652260063,0.00022364469220084726,9201.0,0.30023737354941815,0.05,0.6004747470988363,0
distancia_final_meta_m,A* + SAC-PO-TTC,A* + SAC-UPO-TTC,200,1.5681508188548003,1.8244121829415507,0.49727416651868805,0.4976090970093785,0.2562613640867504,0.0004312470391589496,8729.0,0.10699571407105664,0.1,0.416422988474434,0
clearance_dinamico_minimo_m,A* + DWA,A* + TD3,200,0.31068998220041477,0.4492623618570611,0.28398942633888147,0.2603283518170389,0.13857237965664634,0.021753630054023088,7515.0,0.0019805641074179064,0.1,0.003961128214835813,1
clearance_dinamico_minimo_m,A* + DWA,A* + SAC-R,200,0.31068998220041477,0.6762122507816118,0.28398942633888147,0.6585342048380944,0.3655222685811971,0.4011879510834617,2501.0,3.229059026333213e-20,0.52,1.9374354157999278e-19,1
clearance_dinamico_minimo_m,A* + DWA,A* + SAC-PO-TTC,200,0.31068998220041477,0.9022798446948137,0.28398942633888147,0.8489624278419818,0.591589862494399,0.5911849344567081,918.0,7.781906098822643e-29,0.74,7.781906098822643e-28,1
clearance_dinamico_minimo_m,A* + DWA,A* + SAC-UPO-TTC,200,0.31068998220041477,0.9951944646102282,0.28398942633888147,0.988578527524446,0.6845044824098135,0.7234403187616005,1466.0,1.138043574272353e-25,0.62,1.0242392168451177e-24,1
clearance_dinamico_minimo_m,A* + TD3,A* + SAC-R,200,0.4492623618570611,0.6762122507816118,0.2603283518170389,0.6585342048380944,0.22694988892455079,0.208260713354947,4457.0,8.828627493921044e-12,0.4,4.414313746960522e-11,1
clearance_dinamico_minimo_m,A* + TD3,A* + SAC-PO-TTC,200,0.4492623618570611,0.9022798446948137,0.2603283518170389,0.8489624278419818,0.4530174828377526,0.42964668438848586,1726.0,4.9770814586202676e-24,0.6381909547738693,3.981665166896214e-23,1
clearance_dinamico_minimo_m,A* + TD3,A* + SAC-UPO-TTC,200,0.4492623618570611,0.9951944646102282,0.2603283518170389,0.988578527524446,0.5459321027531672,0.5682919011074419,2304.0,3.3420656198680612e-21,0.58,2.3394459339076428e-20,1
clearance_dinamico_minimo_m,A* + SAC-R,A* + SAC-PO-TTC,200,0.6762122507816118,0.9022798446948137,0.6585342048380944,0.8489624278419818,0.22606759391320183,0.1282026634287574,5900.0,4.1118305330902003e-07,0.27,1.23354915992706e-06,1
clearance_dinamico_minimo_m,A* + SAC-R,A* + SAC-UPO-TTC,200,0.6762122507816118,0.9951944646102282,0.6585342048380944,0.988578527524446,0.31898221382861636,0.21126195661969205,4516.0,1.453974427852693e-11,0.4,5.815897711410772e-11,1
clearance_dinamico_minimo_m,A* + SAC-PO-TTC,A* + SAC-UPO-TTC,200,0.9022798446948137,0.9951944646102282,0.8489624278419818,0.988578527524446,0.09291461991541455,0.06777081452335865,7792.0,0.00586662601444639,0.18,0.00586662601444639,1
clearance_total_percentil_5_m,A* + DWA,A* + TD3,200,0.2666894976018309,0.26487278256494085,0.28358455269789384,0.22370749075195762,-0.0018167150368900576,-0.01901649715226851,9263.0,0.3369173652079348,-0.12,0.5738396262978595,0
clearance_total_percentil_5_m,A* + DWA,A* + SAC-R,200,0.2666894976018309,0.40401657520603024,0.28358455269789384,0.37752237100727903,0.1373270776041994,0.12099088812370018,3766.0,1.7531347141451254e-14,0.45,1.577821242730613e-13,1
clearance_total_percentil_5_m,A* + DWA,A* + SAC-PO-TTC,200,0.2666894976018309,0.3734607018106634,0.28358455269789384,0.34330522349833065,0.10677120420883249,0.07382489321856373,4802.0,1.5190151191786966e-10,0.31,1.0633105834250876e-09,1
clearance_total_percentil_5_m,A* + DWA,A* + SAC-UPO-TTC,200,0.2666894976018309,0.3909226268380431,0.28358455269789384,0.37076497945237025,0.12423312923621221,0.10478282569783956,3748.0,1.4769671421679496e-14,0.49,1.4769671421679497e-13,1
clearance_total_percentil_5_m,A* + TD3,A* + SAC-R,200,0.26487278256494085,0.40401657520603024,0.22370749075195762,0.37752237100727903,0.13914379264108948,0.11593166777858246,4482.0,1.091363164506293e-11,0.36,8.730905316050343e-11,1
clearance_total_percentil_5_m,A* + TD3,A* + SAC-PO-TTC,200,0.26487278256494085,0.3734607018106634,0.22370749075195762,0.34330522349833065,0.10858791924572256,0.06496251485096827,5483.0,2.5108465668141837e-08,0.31,1.2554232834070918e-07,1
clearance_total_percentil_5_m,A* + TD3,A* + SAC-UPO-TTC,200,0.26487278256494085,0.3909226268380431,0.22370749075195762,0.37076497945237025,0.12604984427310226,0.08610458500506449,5044.0,1.0077875575964956e-09,0.33,6.046725345578973e-09,1
clearance_total_percentil_5_m,A* + SAC-R,A* + SAC-PO-TTC,200,0.40401657520603024,0.3734607018106634,0.37752237100727903,0.34330522349833065,-0.03055587339536693,-0.02315609973961677,7964.0,0.01091917072212478,-0.15,0.04367668288849912,1
clearance_total_percentil_5_m,A* + SAC-R,A* + SAC-UPO-TTC,200,0.40401657520603024,0.3909226268380431,0.37752237100727903,0.37076497945237025,-0.013093948367987197,-0.011893504510793407,9129.0,0.261107752091004,-0.08,0.5738396262978595,0
clearance_total_percentil_5_m,A* + SAC-PO-TTC,A* + SAC-UPO-TTC,200,0.3734607018106634,0.3909226268380431,0.34330522349833065,0.37076497945237025,0.017461925027379734,0.011032689930865966,8979.0,0.19127987543261982,0.04,0.5738396262978595,0
eventos_casi_colision_real,A* + DWA,A* + TD3,200,0.22,0.48,0.0,0.0,0.26,0.0,630.0,2.674125633574538e-07,0.6455696202531646,2.1393005068596304e-06,1
eventos_casi_colision_real,A* + DWA,A* + SAC-R,200,0.22,0.26,0.0,0.0,0.04,0.0,875.0,0.30852221689832515,0.1746031746031746,0.6170444337966503,0
eventos_casi_colision_real,A* + DWA,A* + SAC-PO-TTC,200,0.22,0.155,0.0,0.0,-0.065,0.0,504.5,0.15078697704385452,-0.2,0.5694766741039736,0
eventos_casi_colision_real,A* + DWA,A* + SAC-UPO-TTC,200,0.22,0.205,0.0,0.0,-0.015,0.0,684.5,0.9641598750677871,0.038461538461538464,0.9641598750677871,0
eventos_casi_colision_real,A* + TD3,A* + SAC-R,200,0.48,0.26,0.0,0.0,-0.22,0.0,649.0,4.141629285304706e-06,-0.5466666666666666,2.8991404997132945e-05,1
eventos_casi_colision_real,A* + TD3,A* + SAC-PO-TTC,200,0.48,0.155,0.0,0.0,-0.325,0.0,330.0,2.885905333130294e-11,-0.7922077922077922,2.885905333130294e-10,1
eventos_casi_colision_real,A* + TD3,A* + SAC-UPO-TTC,200,0.48,0.205,0.0,0.0,-0.275,0.0,658.5,7.630860873202627e-08,-0.6341463414634146,6.867774785882365e-07,1
eventos_casi_colision_real,A* + SAC-R,A* + SAC-PO-TTC,200,0.26,0.155,0.0,0.0,-0.105,0.0,116.5,0.000543594502309532,-0.6470588235294118,0.003261567013857192,1
eventos_casi_colision_real,A* + SAC-R,A* + SAC-UPO-TTC,200,0.26,0.205,0.0,0.0,-0.055,0.0,363.0,0.1423691685259934,-0.2558139534883721,0.5694766741039736,0
eventos_casi_colision_real,A* + SAC-PO-TTC,A* + SAC-UPO-TTC,200,0.155,0.205,0.0,0.0,0.05,0.0,210.0,0.09827745667636652,0.29411764705882354,0.4913872833818326,0
tiempo_en_casi_colision_s,A* + DWA,A* + TD3,200,0.20450000000000002,0.37400000000000005,0.0,0.0,0.16949999999999998,0.0,1189.0,1.1597664288931321e-05,0.5306122448979592,9.278131431145057e-05,1
tiempo_en_casi_colision_s,A* + DWA,A* + SAC-R,200,0.20450000000000002,0.17200000000000004,0.0,0.0,-0.0325,0.0,1215.5,0.8742868729066968,0.17142857142857143,1.0,0
tiempo_en_casi_colision_s,A* + DWA,A* + SAC-PO-TTC,200,0.20450000000000002,0.1285,0.0,0.0,-0.076,0.0,557.5,0.11085020702070365,-0.1111111111111111,0.4434008280828146,0
tiempo_en_casi_colision_s,A* + DWA,A* + SAC-UPO-TTC,200,0.20450000000000002,0.125,0.0,0.0,-0.0795,0.0,837.0,0.24141961120243616,-0.015873015873015872,0.7242588336073085,0
tiempo_en_casi_colision_s,A* + TD3,A* + SAC-R,200,0.37400000000000005,0.17200000000000004,0.0,0.0,-0.20200000000000004,0.0,1363.5,2.4540601819988825e-05,-0.37254901960784315,0.00017178421273992178,1
tiempo_en_casi_colision_s,A* + TD3,A* + SAC-PO-TTC,200,0.37400000000000005,0.1285,0.0,0.0,-0.24550000000000005,0.0,750.0,3.71502086358875e-08,-0.6129032258064516,3.7150208635887495e-07,1
tiempo_en_casi_colision_s,A* + TD3,A* + SAC-UPO-TTC,200,0.37400000000000005,0.125,0.0,0.0,-0.249,0.0,987.0,4.3414519888688814e-08,-0.5686274509803921,3.9073067899819935e-07,1
tiempo_en_casi_colision_s,A* + SAC-R,A* + SAC-PO-TTC,200,0.17200000000000004,0.1285,0.0,0.0,-0.0435,0.0,417.5,0.0522967603111848,-0.22448979591836735,0.3137805618671088,0
tiempo_en_casi_colision_s,A* + SAC-R,A* + SAC-UPO-TTC,200,0.17200000000000004,0.125,0.0,0.0,-0.047,0.0,726.5,0.05375070638801746,-0.23809523809523808,0.3137805618671088,0
tiempo_en_casi_colision_s,A* + SAC-PO-TTC,A* + SAC-UPO-TTC,200,0.1285,0.125,0.0,0.0,-0.0034999999999999953,0.0,607.0,0.956342425964609,0.10204081632653061,1.0,0
ttc_real_minimo_s,A* + DWA,A* + TD3,181,1.4892610724596582,1.1069033090056426,1.5708909711055554,1.0045998005217152,-0.3823577634540156,-0.3694518020099036,3721.0,1.423913423642409e-07,-0.3413173652694611,5.695653694569635e-07,1
ttc_real_minimo_s,A* + DWA,A* + SAC-R,181,1.4892610724596582,2.0313512366428808,1.5708909711055554,1.9072996838881158,0.5420901641832225,0.38014640759131546,5321.0,0.0003931616764919687,0.3028571428571429,0.0007863233529839374,1
ttc_real_minimo_s,A* + DWA,A* + SAC-PO-TTC,181,1.4892610724596582,2.627421729615491,1.5708909711055554,2.1942758922054004,1.1381606571558327,0.6846071723802178,2911.0,5.808576109025625e-13,0.5,4.066003276317938e-12,1
ttc_real_minimo_s,A* + DWA,A* + SAC-UPO-TTC,181,1.4892610724596582,3.1815723272837872,1.5708909711055554,2.7530303258084663,1.6923112548241286,1.199968138628227,2328.0,5.507545012823794e-15,0.5930232558139535,4.406036010259035e-14,1
ttc_real_minimo_s,A* + TD3,A* + SAC-R,181,1.1069033090056426,2.0313512366428808,1.0045998005217152,1.9072996838881158,0.9244479276372383,0.6805946084836267,2581.0,1.7746163324451176e-11,0.5185185185185185,1.0647697994670706e-10,1
ttc_real_minimo_s,A* + TD3,A* + SAC-PO-TTC,181,1.1069033090056426,2.627421729615491,1.0045998005217152,2.1942758922054004,1.5205184206098483,1.1401958322650076,1052.0,2.5806523194477957e-21,0.7590361445783133,2.5806523194477957e-20,1
ttc_real_minimo_s,A* + TD3,A* + SAC-UPO-TTC,181,1.1069033090056426,3.1815723272837872,1.0045998005217152,2.7530303258084663,2.0746690182781444,1.555658362752731,1106.0,1.5220127557829057e-20,0.7439024390243902,1.369811480204615e-19,1
ttc_real_minimo_s,A* + SAC-R,A* + SAC-PO-TTC,181,2.0313512366428808,2.627421729615491,1.9072996838881158,2.1942758922054004,0.5960704929726102,0.21303054400462296,4371.0,2.4058923846995587e-05,0.2694610778443114,7.217677154098676e-05,1
ttc_real_minimo_s,A* + SAC-R,A* + SAC-UPO-TTC,181,2.0313512366428808,3.1815723272837872,1.9072996838881158,2.7530303258084663,1.150221090640906,0.6551309816961841,3229.0,8.920662372328657e-10,0.44047619047619047,4.4603311861643285e-09,1
ttc_real_minimo_s,A* + SAC-PO-TTC,A* + SAC-UPO-TTC,181,2.627421729615491,3.1815723272837872,2.1942758922054004,2.7530303258084663,0.5541505976682957,0.3121309780905923,5111.0,0.0011467949435889952,0.1952662721893491,0.0011467949435889952,1
aceleracion_angular_rms_rad_s2,A* + DWA,A* + TD3,200,1.0899506449495815,3.579264499677547,1.0212756562393293,3.5958688477264067,2.489313854727966,2.5221034535726443,0.0,1.4361464127613523e-34,1.0,1.4361464127613522e-33,1
aceleracion_angular_rms_rad_s2,A* + DWA,A* + SAC-R,200,1.0899506449495815,2.9953579545280884,1.0212756562393293,3.0023747052010474,1.905407309578507,1.9777897932837203,0.0,1.4361464127613523e-34,1.0,1.4361464127613522e-33,1
aceleracion_angular_rms_rad_s2,A* + DWA,A* + SAC-PO-TTC,200,1.0899506449495815,3.0888511003492964,1.0212756562393293,3.1030386772103604,1.9989004553997147,2.065841770395528,0.0,1.4361464127613523e-34,1.0,1.4361464127613522e-33,1
aceleracion_angular_rms_rad_s2,A* + DWA,A* + SAC-UPO-TTC,200,1.0899506449495815,3.086641603825898,1.0212756562393293,3.1013923937541517,1.9966909588763162,2.0719823041306547,0.0,1.4361464127613523e-34,1.0,1.4361464127613522e-33,1
aceleracion_angular_rms_rad_s2,A* + TD3,A* + SAC-R,200,3.579264499677547,2.9953579545280884,3.5958688477264067,3.0023747052010474,-0.583906545149459,-0.5841112092150147,0.0,1.4361464127613523e-34,-1.0,1.4361464127613522e-33,1
aceleracion_angular_rms_rad_s2,A* + TD3,A* + SAC-PO-TTC,200,3.579264499677547,3.0888511003492964,3.5958688477264067,3.1030386772103604,-0.49041339932825123,-0.48127417333147626,33.0,2.358827899806132e-34,-0.98,1.4361464127613522e-33,1
aceleracion_angular_rms_rad_s2,A* + TD3,A* + SAC-UPO-TTC,200,3.579264499677547,3.086641603825898,3.5958688477264067,3.1013923937541517,-0.49262289585164987,-0.4803286059253198,5.0,1.5484416002283044e-34,-0.99,1.4361464127613522e-33,1
aceleracion_angular_rms_rad_s2,A* + SAC-R,A* + SAC-PO-TTC,200,2.9953579545280884,3.0888511003492964,3.0023747052010474,3.1030386772103604,0.09349314582120781,0.10909619223896971,4925.0,4.0168331801851253e-10,0.43,1.2050499540555376e-09,1
aceleracion_angular_rms_rad_s2,A* + SAC-R,A* + SAC-UPO-TTC,200,2.9953579545280884,3.086641603825898,3.0023747052010474,3.1013923937541517,0.0912836492978092,0.10089771956041238,4926.0,4.0483504401108466e-10,0.48,1.2050499540555376e-09,1
aceleracion_angular_rms_rad_s2,A* + SAC-PO-TTC,A* + SAC-UPO-TTC,200,3.0888511003492964,3.086641603825898,3.1030386772103604,3.1013923937541517,-0.002209496523398612,-0.007276747612408707,9644.0,0.6203254914126042,-0.04,0.6203254914126042,0
jerk_angular_rms_rad_s3,A* + DWA,A* + TD3,200,17.372560250427224,51.8621208372921,16.02561406635985,52.26052818928366,34.48956058686488,35.14905029449912,0.0,1.4361464127613523e-34,1.0,1.4361464127613522e-33,1
jerk_angular_rms_rad_s3,A* + DWA,A* + SAC-R,200,17.372560250427224,45.270443961127114,16.02561406635985,45.54351409415693,27.897883710699883,28.436974681899315,0.0,1.4361464127613523e-34,1.0,1.4361464127613522e-33,1
jerk_angular_rms_rad_s3,A* + DWA,A* + SAC-PO-TTC,200,17.372560250427224,45.3623876421113,16.02561406635985,45.47333823130215,27.989827391684074,29.008709563902187,1.0,1.4579385692155708e-34,0.99,1.4361464127613522e-33,1
jerk_angular_rms_rad_s3,A* + DWA,A* + SAC-UPO-TTC,200,17.372560250427224,46.452471153689956,16.02561406635985,46.556004035556995,29.079910903262736,30.177008228571538,3.0,1.5025132576170275e-34,0.98,1.4361464127613522e-33,1
jerk_angular_rms_rad_s3,A* + TD3,A* + SAC-R,200,51.8621208372921,45.270443961127114,52.26052818928366,45.54351409415693,-6.591676876164997,-7.190316228410293,1129.0,1.3569264923645235e-27,-0.79,8.141558954187141e-27,1
jerk_angular_rms_rad_s3,A* + TD3,A* + SAC-PO-TTC,200,51.8621208372921,45.3623876421113,52.26052818928366,45.47333823130215,-6.499733195180803,-6.502746653798113,1197.0,3.361757245554184e-27,-0.73,1.680878622777092e-26,1
jerk_angular_rms_rad_s3,A* + TD3,A* + SAC-UPO-TTC,200,51.8621208372921,46.452471153689956,52.26052818928366,46.556004035556995,-5.409649683602149,-5.677465829918837,1841.0,1.291506724435284e-23,-0.72,5.166026897741136e-23,1
jerk_angular_rms_rad_s3,A* + SAC-R,A* + SAC-PO-TTC,200,45.270443961127114,45.3623876421113,45.54351409415693,45.47333823130215,0.09194368098419446,0.4097435191106058,9580.0,0.5663197465341486,0.05,0.5663197465341486,0
jerk_angular_rms_rad_s3,A* + SAC-R,A* + SAC-UPO-TTC,200,45.270443961127114,46.452471153689956,45.54351409415693,46.556004035556995,1.1820271925628487,1.1104367363946537,6624.0,2.911208640990475e-05,0.3,8.733625922971425e-05,1
jerk_angular_rms_rad_s3,A* + SAC-PO-TTC,A* + SAC-UPO-TTC,200,45.3623876421113,46.452471153689956,45.47333823130215,46.556004035556995,1.0900835115786542,0.7151714404995673,7273.0,0.0007029842930219301,0.19,0.0014059685860438602,1
esfuerzo_control_medio,A* + DWA,A* + TD3,200,0.437931516471977,0.7125880473292995,0.4359152996061808,0.6837783531118742,0.27465653085732245,0.25579098643014064,104.0,6.822926523433194e-34,0.95,6.822926523433194e-33,1
esfuerzo_control_medio,A* + DWA,A* + SAC-R,200,0.437931516471977,0.5082387818840295,0.4359152996061808,0.5085802645768318,0.07030726541205252,0.07175135118487738,3333.0,2.4875996884356376e-16,0.65,1.4925598130613826e-15,1
esfuerzo_control_medio,A* + DWA,A* + SAC-PO-TTC,200,0.437931516471977,0.4807331470503085,0.4359152996061808,0.49714803190657764,0.04280163057833157,0.05876987157290056,4790.0,1.37989994395213e-10,0.53,6.899499719760651e-10,1
esfuerzo_control_medio,A* + DWA,A* + SAC-UPO-TTC,200,0.437931516471977,0.44656786986801367,0.4359152996061808,0.4637395933531021,0.008636353396036628,0.03274496591296386,8006.0,0.012630263279141043,0.28,0.025260526558282086,1
esfuerzo_control_medio,A* + TD3,A* + SAC-R,200,0.7125880473292995,0.5082387818840295,0.6837783531118742,0.5085802645768318,-0.2043492654452699,-0.18354232427489442,412.0,6.273412923203328e-32,-0.85,4.39138904624233e-31,1
esfuerzo_control_medio,A* + TD3,A* + SAC-PO-TTC,200,0.7125880473292995,0.4807331470503085,0.6837783531118742,0.49714803190657764,-0.23185490027899086,-0.1914188786383696,105.0,6.925392490169818e-34,-0.91,6.822926523433194e-33,1
esfuerzo_control_medio,A* + TD3,A* + SAC-UPO-TTC,200,0.7125880473292995,0.44656786986801367,0.6837783531118742,0.4637395933531021,-0.26602017746128587,-0.23744840983161886,194.0,2.594363864927289e-33,-0.93,2.0754910919418313e-32,1
esfuerzo_control_medio,A* + SAC-R,A* + SAC-PO-TTC,200,0.5082387818840295,0.4807331470503085,0.5085802645768318,0.49714803190657764,-0.027505634833720947,0.0003771882801293369,8611.0,0.07911831250878325,0.01,0.07911831250878325,0
esfuerzo_control_medio,A* + SAC-R,A* + SAC-UPO-TTC,200,0.5082387818840295,0.44656786986801367,0.5085802645768318,0.4637395933531021,-0.06167091201601589,-0.04341005628339793,5143.0,2.1325460431880333e-09,-0.36,8.530184172752133e-09,1
esfuerzo_control_medio,A* + SAC-PO-TTC,A* + SAC-UPO-TTC,200,0.4807331470503085,0.44656786986801367,0.49714803190657764,0.4637395933531021,-0.03416527718229494,-0.0282116221229346,6816.0,7.945753937205976e-05,-0.23,0.00023837261811617927,1
tiempo_ciclo_medio_ms,A* + DWA,A* + TD3,200,100.51223734451638,1.8967220864099381,103.68870105098426,1.8868620307956594,-98.61551525810644,-101.83575625213169,0.0,1.4361464127613523e-34,-1.0,1.4361464127613522e-33,1
tiempo_ciclo_medio_ms,A* + DWA,A* + SAC-R,200,100.51223734451638,3.0822911566891857,103.68870105098426,3.050663654123982,-97.42994618782718,-100.6500600992857,0.0,1.4361464127613523e-34,-1.0,1.4361464127613522e-33,1
tiempo_ciclo_medio_ms,A* + DWA,A* + SAC-PO-TTC,200,100.51223734451638,10.169894988500067,103.68870105098426,10.346543303912126,-90.3423423560163,-93.88800450472156,0.0,1.4361464127613523e-34,-1.0,1.4361464127613522e-33,1
tiempo_ciclo_medio_ms,A* + DWA,A* + SAC-UPO-TTC,200,100.51223734451638,5.381583513190117,103.68870105098426,5.3269920414810095,-95.13065383132627,-98.38581049863886,0.0,1.4361464127613523e-34,-1.0,1.4361464127613522e-33,1
tiempo_ciclo_medio_ms,A* + TD3,A* + SAC-R,200,1.8967220864099381,3.0822911566891857,1.8868620307956594,3.050663654123982,1.1855690702792478,1.1760680014126388,0.0,1.4361464127613523e-34,1.0,1.4361464127613522e-33,1
tiempo_ciclo_medio_ms,A* + TD3,A* + SAC-PO-TTC,200,1.8967220864099381,10.169894988500067,1.8868620307956594,10.346543303912126,8.273172902090128,8.440086518128274,0.0,1.4361464127613523e-34,1.0,1.4361464127613522e-33,1
tiempo_ciclo_medio_ms,A* + TD3,A* + SAC-UPO-TTC,200,1.8967220864099381,5.381583513190117,1.8868620307956594,5.3269920414810095,3.4848614267801774,3.452979912245394,0.0,1.4361464127613523e-34,1.0,1.4361464127613522e-33,1
tiempo_ciclo_medio_ms,A* + SAC-R,A* + SAC-PO-TTC,200,3.0822911566891857,10.169894988500067,3.050663654123982,10.346543303912126,7.087603831810879,7.255682072221768,0.0,1.4361464127613523e-34,1.0,1.4361464127613522e-33,1
tiempo_ciclo_medio_ms,A* + SAC-R,A* + SAC-UPO-TTC,200,3.0822911566891857,5.381583513190117,3.050663654123982,5.3269920414810095,2.29929235650093,2.2705224238423503,0.0,1.4361464127613523e-34,1.0,1.4361464127613522e-33,1
tiempo_ciclo_medio_ms,A* + SAC-PO-TTC,A* + SAC-UPO-TTC,200,10.169894988500067,5.381583513190117,10.346543303912126,5.3269920414810095,-4.78831147530995,-4.909611242420667,11.0,1.6947629657907836e-34,-0.97,1.4361464127613522e-33,1
